1,Daughter,Pearl Jam,1,1993
2,Scar Tissue,Red Hot Chili Peppers,1,1999
3,Under The Bridge,Red Hot Chili Peppers,1,1992
4,Come As You Are,Nirvana,1,1992
5,Are You Gonna Go My Way,Lenny Kravitz,1,1993
6,Hotel Illness,The Black Crowes,1,1992
7,Sex And Candy,Marcy Playground,1,1997
8,What It's Like,Everlast,1,1998
9,Jealous Again,The Black Crowes,1,1990
10,Moneytalks,AC/DC,1,1990
11,When I Come Around,Green Day,1,1995
12,Losing My Religion,R.E.M.,1,1991
13,My Own Prison,Creed,2,1997
14,Hard To Handle,The Black Crowes,1,1990
15,Mysterious Ways,U2,1,1991
16,My Friends,Red Hot Chili Peppers,1,1995
17,Livin' On The Edge,Aerosmith,1,1993
18,She Talks To Angels,The Black Crowes,1,1991
19,Iris,Goo Goo Dolls,1,1998
20,Interstate Love Song,Stone Temple Pilots,1,1994
21,Better Man,Pearl Jam,1,1994
22,Bad Love,Eric Clapton,1,1989
23,What's My Age Again,Blink 182,2,1999
24,Far Behind,Candlebox,2,1994
25,Silent Lucidity,Queensryche,1,1991
26,Shine,Collective Soul,1,1994
27,All Apologies,Nirvana,1,1994
28,Lift Me Up,Yes,1,1991
29,3 AM,Matchbox 20,1,1997
30,Standing Outside A Broken Phone Booth With Money In My Hand,Primitive Radio Gods,1,1996
31,Black,Pearl Jam,1,1993
32,Tomorrow,Silverchair,1,1995
33,Smells Like Teen Spirit,Nirvana,1,1991
34,Jeremy,Pearl Jam,1,1992
35,Bullet With Butterfly Wings,The Smashing Pumpkins,1,1995
36,Heavy,Collective Soul,1,1999
37,One,U2,1,1992
38,Plush,Stone Temple Pilots,1,1993
39,If I Ever Lose My Faith In You,Sting,1,1993
40,Low,Cracker,4,1994
41,What It Takes,Aerosmith,1,1990
42,My Own Worst Enemy,Lit,1,1999
43,One,Creed,1,1999
44,1979,The Smashing Pumpkins,1,1995
45,Every Morning,Sugar Ray,1,1999
46,December,Collective Soul,1,1995
47,"Touch, Peel And Stand",Days Of The New,1,1997
48,If You Needed Somebody,Bad Company,1,1990
49,Inside Out,Eve 6,1,1998
50,Lightning Crashes,Live,1,1995
51,Mr. Jones,Counting Crows,1,1994
52,Doubleback,ZZ Top,1,1990
53,Pepper,Butthole Surfers,1,1996
54,Remedy,The Black Crowes,1,1992
55,Everything Zen,Bush,1,1995
56,Black Hole Sun,Soundgarden,1,1994
57,Good Riddance (Time Of Your Life),Green Day,1,1997
58,You Oughta Know,Alanis Morissette,1,1995
59,Trippin' On A Hole In A Paper Heart,Stone Temple Pilots,1,1996
60,Nookie,Limp Bizkit,1,1999
61,Fly Away,Lenny Kravitz,1,1998
62,One Headlight,The Wallflowers,1,1997
63,In The Meantime,Spacehog,1,1996
64,If You Could Only See,Tonic,1,1997
65,Push,Matchbox 20,1,1997
66,Suicide Blonde,INXS,1,1990
67,Nothing Else Matters,Metallica,3,1992
68,My Head's In Mississippi,ZZ Top,1,1990
69,Runaway Train,Soul Asylum,1,1993
70,Down,311,1,1996
71,The World I Know,Collective Soul,1,1996
72,Name,Goo Goo Dolls,1,1995
73,Coming Of Age,Damn Yankees,1,1990
74,Given To Fly,Pearl Jam,1,1998
75,Heart-Shaped Box,Nirvana,1,1993
76,Cumbersome,Seven Mary Three,1,1995
77,Soul To Squeeze,Red Hot Chili Peppers,1,1993
78,Shelf In The Room,Days Of The New,1,1998
79,No Rain,Blind Melon,1,1993
80,Shimmer,Fuel,1,1998
81,Friday I'm In Love,The Cure,1,1992
82,All The Small Things,Blink 182,1,1999
83,Selling The Drama,Live,1,1994
84,Why Don't You Get A Job?,The Offspring,1,1999
85,Vasoline,Stone Temple Pilots,1,1994
86,Closing Time,Semisonic,1,1998
87,Thorn In My Pride,The Black Crowes,1,1992
88,Walkin' On The Sun,Smash Mouth,1,1997
89,Ironic,Alanis Morissette,1,1996
90,Cryin',Aerosmith,1,1993
91,Blow Up The Outside World,Soundgarden,1,1996
92,No Excuses,Alice In Chains,1,1994
93,Pretty Fly (For A White Guy),The Offspring,1,1998
94,Santa Monica (Watch The World Die),Everclear,1,1996
95,"Hold Me, Thrill Me, Kiss Me, Kill Me",U2,1,1995
96,Everlong,Foo Fighters,1,1997
97,Steam,Peter Gabriel,1,1992
98,Peace Pipe,Cry Of Love,1,1993
99,The Unforgiven II,Metallica,1,1998
100,The Deeper The Love,Whitesnake,2,1990
101,Swallowed,Bush,1,1996
102,Even Flow,Pearl Jam,1,1992
103,Digging In The Dirt,Peter Gabriel,1,1992
104,Creep,Stone Temple Pilots,1,1994
105,Dammit (Growing Up),Blink 182,2,1997
106,What I Got,Sublime,1,1996
107,Basket Case,Green Day,1,1994
108,All This Time,Sting,1,1991
109,The Hurting Kind (I've Got My Eyes On You),Robert Plant,1,1990
110,Civil War,Guns N' Roses,1,1990
111,Tubthumping,Chumbawamba,1,1997
112,Lady Picture Show,Stone Temple Pilots,1,1996
113,Novocaine For The Soul,Eels,1,1996
114,Never There,Cake,1,1998
115,Turn The Page,Metallica,1,1998
116,Right Now,Van Halen,1,1991
117,Wonderwall,Oasis,1,1996
118,Wrong Way,Sublime,1,1997
119,Burden In My Hand,Soundgarden,1,1996
120,Machinehead,Bush,1,1996
121,Semi-Charmed Life,Third Eye Blind,1,1997
122,"Mama, I'm Coming Home",Ozzy Osbourne,1,1992
123,Bitter Sweet Symphony,The Verve,2,1998
124,Take A Picture,Filter,1,1999
125,Flagpole Sitta,Harvey Danger,1,1998
126,Glycerine,Bush,1,1995
127,Backwater,Meat Puppets,1,1994
128,Out In The Cold,Tom Petty And The Heartbreakers,1,1991
129,Drive,R.E.M.,1,1992
130,Bittersweet,Fuel,1,1998
131,Even Better Than The Real Thing,U2,1,1992
132,Got You (Where I Want You),The Flys,3,1998
133,Runaround,Van Halen,1,1991
134,Re-arranged,Limp Bizkit,1,1999
135,Big Me,Foo Fighters,1,1996
136,Why I'm Here,Oleander,3,1999
137,What's This Life For,Creed,1,1998
138,Stupid Girl,Garbage,1,1996
139,Higher,Creed,1,1999
140,Got No Shame,Brother Cane,1,1993
141,Zombie,The Cranberries,1,1994
142,Good,Better Than Ezra,1,1995
143,Until It Sleeps,Metallica,1,1996
144,Enter Sandman,Metallica,1,1991
145,Come Out And Play,The Offspring,1,1994
146,Blue Sky Mine,Midnight Oil,1,1990
147,Lit Up,Buckcherry,1,1999
148,End Of The Line,The Allman Brothers Band,1,1991
149,Brickyard Road,Johnny Van Zant,1,1990
150,Holy Water,Bad Company,1,1990
151,Signs Live,Tesla,1,1991
152,Down In A Hole,Alice In Chains,2,1993
153,Little Miss Can't Be Wrong,Spin Doctors,2,1992
154,Hero Of The Day,Metallica,1,1996
155,Wind Of Change,Scorpions,2,1991
156,Get A Leg Up,John Mellencamp,1,1991
157,Possum Kingdom,Toadies,3,1995
158,The Other Side,Aerosmith,1,1990
159,Freak On A Leash,KoRn,2,1999
160,Big Bang Baby,Stone Temple Pilots,1,1996
161,Top Of The World,Van Halen,1,1991
162,Counting Blue Cars,Dishwalla,1,1996
163,Turn My Head,Live,1,1997
164,Big Gun,AC/DC,1,1993
165,Ghost Of A Chance,Rush,1,1992
166,Mary Jane's Last Dance,Tom Petty And The Heartbreakers,1,1993
167,How's It Going To Be,Third Eye Blind,2,1998
168,Sting Me,The Black Crowes,1,1992
169,The Kids Aren't Alright,The Offspring,2,1999
170,The Way,Fastball,1,1998
171,Father Of Mine,Everclear,1,1998
172,The Freshmen,The Verve Pipe,1,1997
173,I'll Stick Around,Foo Fighters,1,1995
174,You Could Be Mine,Guns N' Roses,1,1991
175,The Impression That I Get,The Mighty Mighty Bosstones,2,1997
176,How About That,Bad Company,1,1992
177,Big Empty,Stone Temple Pilots,2,1994
178,Ignoreland,R.E.M.,1,1992
179,Brain Stew/Jaded,Green Day,1,1996
180,Monkey Wrench,Foo Fighters,1,1997
181,Deuces Are Wild,Aerosmith,2,1994
182,Celebrity Skin,Hole,1,1998
183,6 Underground,Sneaker Pimps,3,1997
184,Heaven Beside You,Alice In Chains,1,1996
185,The Fly,U2,1,1991
186,Two Princes,Spin Doctors,1,1993
187,I Alone,Live,2,1994
188,All Mixed Up,311,2,1997
189,My Hero,Foo Fighters,1,1998
190,Fell On Black Days,Soundgarden,4,1994
191,About A Girl,Nirvana,1,1994
192,Learn To Fly,Foo Fighters,1,1999
193,Fall Down,Toad The Wet Sprocket,2,1994
194,Hand In My Pocket,Alanis Morissette,1,1995
195,Amazing,Aerosmith,2,1993
196,Little Things,Bush,2,1995
197,Spoonman,Soundgarden,1,1994
198,Heavy Fuel,Dire Straits,1,1991
199,Cradle Of Love,Billy Idol,1,1990
200,Little Black Backpack,Stroke 9,2,1999
201,Everything To Everyone,Everclear,1,1997
202,Let's Get Rocked,Def Leppard,1,1992
203,Greedy Fly,Bush,1,1997
204,Black Gold,Soul Asylum,1,1993
205,Telephone Song,Vaughan Brothers,1,1990
206,Who's Gonna Ride Your Wild Horses,U2,1,1992
207,All Over You,Live,2,1995
208,Santeria,Sublime,1,1997
209,I Will Buy You A New Life,Everclear,1,1998
210,Disarm,The Smashing Pumpkins,2,1994
211,Way Down Now,World Party,1,1990
212,Mother Mother,Tracy Bonham,1,1996
213,Good Clean Fun,The Allman Brothers Band,2,1990
214,Keep Talking,Pink Floyd,1,1994
215,The Chemicals Between Us,Bush,1,1999
216,Pride And Joy,Coverdale/Page,1,1993
217,Dangerous,The Doobie Brothers,2,1991
218,Hole Hearted,Extreme,1,1991
219,Whatever,Godsmack,3,1999
220,Longview,Green Day,2,1994
221,Anytime,McAuley Schenker Group,1,1990
222,#1 Crush,Garbage,1,1996
223,Gone Away,The Offspring,1,1997
224,Lump,The Presidents Of The United States Of America,2,1995
225,Found Out About You,Gin Blossoms,1,1994
226,The Down Town,Days Of The New,1,1998
227,The Distance,Cake,2,1996
228,Slide,Goo Goo Dolls,2,1998
229,Misery,Soul Asylum,1,1995
230,Gotta Get Away,The Offspring,2,1995
231,Hunger Strike,Temple Of The Dog,1,1992
232,Battle Flag,Lo Fidelity Allstars Featuring Pigeonhed,1,1999
233,Lakini's Juice,Live,1,1997
234,See The Lights,Simple Minds,1,1991
235,American Woman,Lenny Kravitz,2,1999
236,When Worlds Collide,Powerman 5000,1,1999
237,Intergalactic,Beastie Boys,1,1998
238,Twice As Hard,The Black Crowes,1,1990
239,Bound For The Floor,Local H,2,1996
240,Type,Living Colour,1,1990
241,Falling Away From Me,KoRn,2,1999
242,Learning To Fly,Tom Petty And The Heartbreakers,1,1991
243,Listen,Collective Soul,1,1997
244,Stand Up (Kick Love Into Motion),Def Leppard,1,1993
245,Malibu,Hole,2,1999
246,You Don't Know How It Feels,Tom Petty,2,1994
247,Kings Highway,Tom Petty And The Heartbreakers,1,1992
248,Angry Johnny,Poe,1,1996
249,This Is A Call,Foo Fighters,1,1995
250,Seeing Things,The Black Crowes,1,1991
251,Texas Twister,Little Feat,1,1990
252,Connection,Elastica,2,1995
253,Keep The Faith,Bon Jovi,2,1992
254,Brick,Ben Folds Five,3,1998
255,Guerrilla Radio,Rage Against The Machine,2,1999
256,One And Only Man,Steve Winwood,1,1990
257,Circles,Soul Coughing,5,1998
258,Space Lord,Monster Magnet,1,1998
259,What Would You Say,Dave Matthews Band,1,1995
260,Plowed,Sponge,2,1995
261,Until The End Of The World,U2,2,1992
262,Fly,Sugar Ray Featuring Super Cat,1,1997
263,Hitchin' A Ride,Green Day,1,1997
264,Hey Jealousy,Gin Blossoms,2,1993
265,Denial,Sevendust,3,1999
266,Man On The Moon,R.E.M.,2,1993
267,Into The Great Wide Open,Tom Petty And The Heartbreakers,1,1991
268,Don't Speak,No Doubt,3,1996
269,Down By The Water,PJ Harvey,1,1995
270,The Sky Is Crying,Stevie Ray Vaughan And Double Trouble,1,1991
271,Jumper,Third Eye Blind,1,1998
272,Love Spreads,The Stone Roses,5,1995
273,Roll The Bones,Rush,1,1991
274,Laying Down The Law,The Law,2,1991
275,The Difference,The Wallflowers,2,1997
276,3 Strange Days,School Of Fish,2,1991
277,Champagne Supernova,Oasis,1,1996
278,You Wanted More,Tonic,2,1999
279,Bad Thing,Cry Of Love,1,1993
280,Say Hello 2 Heaven,Temple Of The Dog,1,1993
281,Terrifying,The Rolling Stones,2,1990
282,Sweetest Thing,U2,2,1998
283,You Get What You Give,New Radicals,2,1999
284,Comedown,Bush,1,1995
285,Mouth,Bush,1,1997
286,Precious Declaration,Collective Soul,1,1997
287,All Star,Smash Mouth,1,1999
288,Alive,Pearl Jam,4,1992
289,Geek Stink Breath,Green Day,2,1995
290,Enemy,Days Of The New,1,1999
291,A Long December,Counting Crows,3,1997
292,Perfect,The Smashing Pumpkins,1,1998
293,Blue Monday,Orgy,6,1999
294,Special,Garbage,3,1999
295,You,Candlebox,5,1994
296,Again Tonight,John Mellencamp,1,1992
297,No Myth,Michael Penn,1,1990
298,Real World,Queensryche,2,1993
299,Staring At The Sun,U2,1,1997
300,Pretty Noose,Soundgarden,1,1996
301,Eat The Rich,Aerosmith,3,1993
302,Shelter Me,Cinderella,2,1990
303,Dancing Days,Stone Temple Pilots,1,1995
304,The Dream Is Over,Van Halen,2,1992
305,Rest In Peace,Extreme,2,1992
306,I Think I Love You Too Much,The Jeff Healey Band,2,1990
307,Save Yourself,Stabbing Westward,3,1998
308,Time After Time,Ozzy Osbourne,2,1992
309,Love Is Strong,The Rolling Stones,1,1994
310,Volcano Girls,Veruca Salt,3,1997
311,Molly (Sixteen Candles),Sponge,2,1995
312,Don't Cry,Guns N' Roses,1,1991
313,Self Esteem,The Offspring,3,1994
314,Aenima,Tool,3,1997
315,Heaven Sent,INXS,2,1992
316,Last Kiss,Pearl Jam,1,1999
317,Cold Fire,Rush,3,1994
318,Can't Stop Fallin' Into Love,Cheap Trick,2,1990
319,What If I Came Knocking,John Mellencamp,1,1993
320,It's Love,King's X,2,1991
321,The Heart Of The Matter,Don Henley,2,1990
322,Wishlist,Pearl Jam,1,1998
323,Dreamline,Rush,1,1991
324,Praise You,Fatboy Slim,3,1999
325,Your Woman,White Town,2,1997
326,High Enough,Damn Yankees,2,1990
327,All I Know,Screaming Trees,3,1996
328,I Can't Dance,Genesis,3,1991
329,Almost Hear You Sigh,The Rolling Stones,1,1990
330,Angels Of The Silences,Counting Crows,1,1996
331,Forgotten Years,Midnight Oil,3,1990
332,Shiny Happy People,R.E.M.,2,1991
333,King Of New Orleans,Better Than Ezra,2,1996
334,Leech,Eve 6,3,1999
335,Poundcake,Van Halen,1,1991
336,Buddy Holly,Weezer,3,1994
337,Never Do That,The Pretenders,1,1990
338,Sunshower,Chris Cornell,2,1998
339,Graduate,Third Eye Blind,3,1997
340,Push It,Garbage,2,1998
341,Rush,Big Audio Dynamite II,3,1991
342,Who You Are,Pearl Jam,1,1996
343,I Think I'm Paranoid,Garbage,3,1998
344,Another Rainy Night (Without You),Queensryche,3,1991
345,Ends,Everlast,2,1999
346,Say It Ain't So,Weezer,3,1995
347,My Name Is,Eminem,2,1999
348,Discotheque,U2,1,1997
349,Empty Arms,Stevie Ray Vaughan And Double Trouble,1,1992
350,Too Many Ways To Fall,Arc Angels,3,1993
351,J.A.R.,Green Day,1,1995
352,Can't Stop Lovin' You,Van Halen,3,1995
353,Got The Life,KoRn,3,1998
354,Highwire,The Rolling Stones,2,1991
355,Human Touch,Bruce Springsteen,1,1992
356,King Of The Hill,Roger McGuinn,2,1991
357,Pets,Porno For Pyros,2,1993
358,Dissident,Pearl Jam,2,1994
359,Where It's At,Beck,5,1996
360,Unskinny Bop,Poison,1,1990
361,Human Wheels,John Mellencamp,3,1993
362,Wicked Garden,Stone Temple Pilots,3,1993
363,Gel,Collective Soul,2,1995
364,6th Avenue Heartache,The Wallflowers,4,1996
365,Truganini,Midnight Oil,2,1993
366,Around The World,Red Hot Chili Peppers,2,1999
367,Better Days (and the bottom drops out),Citizen King,3,1999
368,No Son Of Mine,Genesis,3,1991
369,I Got ID,Pearl Jam,1,1995
370,A Night On The Town,Bruce Hornsby And The Range,2,1990
371,The Calling,Yes,2,1994
372,Bawitdaba,Kid Rock,3,1999
373,Road To Nowhere,Ozzy Osbourne,3,1992
374,And Fools Shine On,Brother Cane,3,1995
375,The Dope Show,Marilyn Manson,4,1998
376,Bitter Tears,INXS,1,1991
377,Can't Get Enuff,Winger,3,1990
378,"What's The Frequency, Kenneth?",R.E.M.,1,1994
379,King Nothing,Metallica,4,1997
380,Ava Adore,The Smashing Pumpkins,2,1998
381,Stick It Out,Rush,2,1993
382,Undone ' The Sweater Song,Weezer,2,1994
383,Rooster,Alice In Chains,3,1993
384,Can't Change Me,Chris Cornell,2,1999
385,Karma Police,Radiohead,6,1998
386,Days Like These,Asia,1,1990
387,Blaze Of Glory,Jon Bon Jovi,1,1990
388,Song 2,Blur,4,1997
389,Boys Cry Tough,Bad Company,1,1990
390,Photograph,The Verve Pipe,3,1996
391,Freak Of The Week,Marvelous 3,3,1999
392,While My Guitar Gently Weeps,The Jeff Healey Band,2,1990
393,"Tonight, Tonight",The Smashing Pumpkins,3,1996
394,She,Green Day,4,1995
395,Thirty-Three,The Smashing Pumpkins,2,1997
396,The Dolphin's Cry,Live,1,1999
397,Sad But True,Metallica,3,1993
398,Pure Morning,Placebo,6,1998
399,River Of Deceit,Mad Season,1,1995
400,Salvation,The Cranberries,1,1996
401,Not Enough Time,INXS,2,1992
402,Cruel Little Number,The Jeff Healey Band,3,1992
403,Something To Believe In,Poison,2,1990
404,Live Forever,Oasis,2,1995
405,Lithium,Nirvana,5,1992
406,No Alibis,Eric Clapton,3,1990
407,Landslide,The Smashing Pumpkins,1,1994
408,Dragula,Rob Zombie,4,1998
409,Smokestack Lightning,Lynyrd Skynyrd 1991,3,1991
410,Muzzle,The Smashing Pumpkins,2,1996
411,Bitch,Meredith Brooks,1,1997
412,Where You Goin' Now,Damn Yankees,4,1992
413,Don't Tear Me Up,Mick Jagger,3,1993
414,The End Is The Beginning Is The End,The Smashing Pumpkins,2,1997
415,Sister,The Nixons,5,1996
416,Texarkana,R.E.M.,3,1991
417,No More Tears,Ozzy Osbourne,3,1991
418,Get A Haircut,George Thorogood & The Destroyers,2,1993
419,I Stay Away,Alice In Chains,5,1994
420,Blind Man,Aerosmith,6,1994
421,Follow You Down,Gin Blossoms,3,1996
422,Beautiful Disaster,311,5,1998
423,Cuts You Up,Peter Murphy,3,1990
424,Stinkfist,Tool,7,1996
425,Doll Parts,Hole,2,1994
426,Shake My Tree,Coverdale/Page,4,1993
427,Song & Emotion,Tesla,6,1992
428,Wicked As It Seems,Keith Richards,4,1992
429,Jump Right In,The Urge,4,1998
430,Bang And Blame,R.E.M.,2,1994
431,Blues Before And After,The Smithereens,3,1990
432,Criminal,Fiona Apple,5,1997
433,Til I Hear It From You,Gin Blossoms,1,1995
434,Welcome To Paradise,Green Day,2,1994
435,What You Give,Tesla,4,1992
436,Calling Elvis,Dire Straits,2,1991
437,Two Steps Behind,Def Leppard,3,1993
438,Don't Drink The Water,Dave Matthews Band,3,1998
439,Downtown Train,Rod Stewart,4,1990
440,The Other Side Of Summer,Elvis Costello,2,1991
441,November Rain,Guns N' Roses,2,1991
442,Couple Days Off,Huey Lewis And The News,1,1991
443,Thunderstruck,AC/DC,3,1990
444,Heroes,The Wallflowers,3,1998
445,In The Blood,Better Than Ezra,2,1995
446,Wash It Away,Black Lab,6,1998
447,Cowboy,Kid Rock,4,1999
448,Tie Dye On The Highway,Robert Plant,2,1990
449,Believe,Lenny Kravitz,3,1993
450,Round Here,Counting Crows,2,1994
451,The Man Who Sold The World,Nirvana,2,1995
452,Sick Of Myself,Matthew Sweet,2,1995
453,Ordinary Average Guy,Joe Walsh,3,1991
454,Zero,The Smashing Pumpkins,3,1996
455,The Sound Of Your Voice,38 Special,3,1991
456,Grind,Alice In Chains,4,1995
457,Before You Accuse Me,Eric Clapton,2,1990
458,The Forecast,Robert Cray Band,3,1990
459,Again,Alice In Chains,4,1996
460,What Do I Have To Do?,Stabbing Westward,4,1996
461,I Go To Extremes,Billy Joel,3,1990
462,All I Really Want,Alanis Morissette,5,1995
463,Clumsy,Our Lady Peace,9,1998
464,I Saw Red,Warrant,4,1991
465,Night In My Veins,The Pretenders,5,1993
466,Everybody Lay Down,Pat Benatar,4,1993
467,Cut You In,Jerry Cantrell,3,1998
468,Abuse Me,Silverchair,3,1997
469,I Was Wrong,Social Distortion,3,1996
470,I Lie In The Bed I Make,Brother Cane,7,1998
471,Alive,Beastie Boys,5,1999
472,Steal My Sunshine,Len,5,1999
473,One Week,Barenaked Ladies,3,1998
474,Corduroy,Pearl Jam,7,1995
475,Take It Back,Pink Floyd,3,1994
476,Go,Pearl Jam,1,1993
477,Have You Ever Needed Someone So Bad,Def Leppard,3,1992
478,Anthem For The Year 2000,Silverchair,3,1999
479,Concrete And Steel,ZZ Top,2,1990
480,Stone Free,Eric Clapton,4,1993
481,Immortality,Pearl Jam,4,1995
482,E-Bow The Letter,R.E.M.,2,1996
483,Starseed,Our Lady Peace,3,1995
484,All I Wanna Do,Sheryl Crow,3,1994
485,In Bloom,Nirvana,4,1993
486,Don't Go Away,Oasis,4,1997
487,"Baby, It's Tonight",Jude Cole,3,1990
488,Desperately Wanting,Better Than Ezra,4,1997
489,Across The River,Bruce Hornsby And The Range,3,1990
490,My Favourite Game,The Cardigans,6,1999
491,Ants Marching,Dave Matthews Band,5,1995
492,Bleeding Me,Metallica,5,1997
493,Crush 'Em,Megadeth,1,1999
494,How Bad Do You Want It?,Don Henley,4,1990
495,Aeroplane,Red Hot Chili Peppers,4,1996
496,Naked,Goo Goo Dolls,5,1996
497,29 Palms,Robert Plant,5,1993
498,Falls Apart,Sugar Ray,2,1999
499,Yellow Ledbetter,Pearl Jam,4,1994
500,Another Deal Goes Down,Steve Winwood,3,1991
501,Rock And Roll Is Dead,Lenny Kravitz,3,1995
502,Open Up Your Eyes,Tonic,5,1996
503,Breathe,Collective Soul,2,1994
504,Get Born Again,Alice In Chains,4,1999
505,What God Wants,Roger Waters,4,1992
506,Seven O'Clock,The London Quireboys,3,1990
507,She Don't Use Jelly,The Flaming Lips,3,1995
508,The Memory Remains,Metallica,3,1997
509,Doin' Time,Sublime,4,1997
510,Fly To The Angels,Slaughter,3,1990
511,The Bug,Dire Straits,3,1992
512,Mmm Mmm Mmm Mmm,Crash Test Dummies,7,1994
513,Drown,Son Volt,5,1996
514,Saint Joe On The School Bus,Marcy Playground,6,1998
515,Won't Get Fooled Again Live,Van Halen,2,1993
516,Sister Havana,Urge Overkill,5,1993
517,Dizzy,Goo Goo Dolls,4,1999
518,Wired All Night,Mick Jagger,4,1993
519,Hurt,Nine Inch Nails,3,1995
520,She Goes Down,Billy Squier,3,1991
521,"Tease Me, Please Me",Scorpions,3,1990
522,Stay (Wasting Time),Dave Matthews Band,6,1998
523,Forty Six & 2,Tool,9,1997
524,Ready To Go,Republica,6,1996
525,Eye,The Smashing Pumpkins,5,1997
526,Runaway,Damn Yankees,5,1991
527,Freaks,Live,5,1997
528,Tears In Heaven,Eric Clapton,3,1992
529,Good Lovin's Hard To Find,Lynyrd Skynyrd,4,1993
530,More Human Than Human,White Zombie,4,1995
531,Jump Jive An' Wail,The Brian Setzer Orchestra,8,1998
532,57 Channels (And Nothin' On),Bruce Springsteen,3,1992
533,Don't Tell Me (What Love Can Do),Van Halen,3,1995
534,Help Me Up,Eric Clapton,5,1992
535,Here In Your Bedroom,Goldfinger,4,1996
536,Sell Out,Reel Big Fish,4,1997
537,Outshined,Soundgarden,5,1992
538,Layla Live,Eric Clapton,5,1992
539,Loser,Beck,5,1994
540,If You Don't Start Drinkin' (I'm Gonna Leave),George Thorogood & The Destroyers,4,1991
541,Make Love Like A Man,Def Leppard,4,1992
542,Shuffle It All,Izzy Stradlin And The Ju Ju Hounds,6,1992
543,Calling To You,Robert Plant,4,1993
544,Flood,Jars Of Clay,5,1996
545,The Soul Cages,Sting,3,1991
546,Home Sweet Home,Motley Crue,5,1992
547,She's My Baby,Traveling Wilburys,2,1990
548,She Takes My Breath Away,Eddie Money,5,1991
549,My Song,Jerry Cantrell,5,1998
550,Without You,Motley Crue,7,1990
551,Day In The Sun,Peter Frampton,4,1994
552,Are You Ready,AC/DC,4,1991
553,My Wave,Soundgarden,7,1994
554,A Conspiracy,The Black Crowes,4,1994
555,Ana's Song (Open Fire),Silverchair,6,1999
556,Push Comes To Shove,Jackyl,3,1994
557,Queer,Garbage,6,1995
558,I Got A Girl,Tripping Daisy,4,1995
559,High Road Easy,Sass Jordan,3,1994
560,No Shelter,Rage Against The Machine,4,1998
561,Elderly Woman Behind The Counter In A Small Town Live,Pearl Jam,5,1998
562,The Real Love,Bob Seger & The Silver Bullet Band,2,1991
563,Midlife Crisis,Faith No More,6,1992
564,Without A Trace,Soul Asylum,5,1993
565,Sour Times (Nobody Loves Me),Portishead,7,1995
566,Summer Song,Joe Satriani,5,1992
567,Leave It Alone,Living Colour,4,1993
568,I'd Do Anything For Love (But I Won't Do That),Meat Loaf,5,1993
569,Yer So Bad,Tom Petty,5,1990
570,The Unforgiven,Metallica,4,1991
571,Don't Tread On Me,Damn Yankees,3,1992
572,Gallows Pole Live,Jimmy Page Robert Plant,3,1994
573,Not An Addict,K's Choice,9,1997
574,D' You Know What I Mean?,Oasis,6,1997
575,Forever,Kiss,3,1990
576,Nobody's Hero,Rush,4,1994
577,Living In A Dream,Arc Angels,6,1992
578,She's Got Issues,The Offspring,9,1999
579,Star 69,R.E.M.,4,1995
580,Life Is A Highway,Tom Cochrane,6,1992
581,Cats In The Cradle,Ugly Kid Joe,3,1993
582,Lazy Eye,Goo Goo Dolls,8,1997
583,Living Dead Girl,Rob Zombie,4,1999
584,No One To Run With,The Allman Brothers Band,5,1994
585,Start The Car,Jude Cole,7,1992
586,Hard As A Rock,AC/DC,4,1995
587,A Lil' Ain't Enough,David Lee Roth,2,1991
588,Over Your Shoulder,Seven Mary Three,7,1998
589,Runaway Train,Elton John With Eric Clapton,4,1992
590,Hard Act To Follow,Brother Cane,6,1994
591,Keep Away,Godsmack,11,1999
592,Wherever I May Roam,Metallica,7,1992
593,Girlfriend,Matthew Sweet,5,1992
594,Mudshovel,Staind,11,1999
595,The Hunter Live,Paul Rodgers,7,1993
596,The Perfect Drug,Nine Inch Nails,6,1997
597,Come Original,311,5,1999
598,Call It What You Want,Tesla,4,1991
599,Cherub Rock,The Smashing Pumpkins,7,1993
600,Run-Around,Blues Traveler,10,1995
601,Changes Live,Ozzy Osbourne,4,1993
602,Bulls On Parade,Rage Against The Machine,6,1996
603,Got Me Wrong,Alice In Chains,10,1995
604,Popular,Nada Surf,6,1996
605,Losing A Whole Year,Third Eye Blind,5,1998
606,Disappear,INXS,5,1990
607,All The Kids Are Right,Local H,6,1998
608,Stars,Hum,7,1995
609,Mister Please,Damn Yankees,5,1993
610,King Of Dreams,Deep Purple,4,1990
611,Teen Angst (What The World Needs Now),Cracker,6,1992
612,Breaking The Girl,Red Hot Chili Peppers,7,1992
613,Sober,Tool,6,1993
614,Pincushion,ZZ Top,4,1994
615,Today,The Smashing Pumpkins,12,1994
616,Crash Into Me,Dave Matthews Band,9,1997
617,Headlong,Queen,4,1991
618,That Don't Satisfy Me,Brother Cane,5,1993
619,Redundant,Green Day,9,1998
620,Shock To The System,Billy Idol,4,1993
621,Do Right,Jimmie's Chicken Shack,7,1999
622,Yesterdays,Guns N' Roses,5,1992
623,Nearly Lost You,Screaming Trees,7,1992
624,A Face In The Crowd,Tom Petty,5,1990
625,Baby Come On Home,Led Zeppelin,5,1993
626,Lovefool,The Cardigans,9,1997
627,It's No Good,Depeche Mode,7,1997
628,Welcome To The Fold,Filter,8,1999
629,Down On Me,Jackyl,5,1993
630,Everything Falls Apart,Dog's Eye View,4,1996
631,Come Down,Toad The Wet Sprocket,10,1997
632,Bittersweet Me,R.E.M.,5,1996
633,Only Happy When It Rains,Garbage,7,1996
634,Warped,Red Hot Chili Peppers,5,1995
635,Slice Of Your Pie,Motley Crue,4,1990
636,Somebody To Shove,Soul Asylum,7,1992
637,Where The River Flows,Collective Soul,6,1996
638,Spiderwebs,No Doubt,6,1996
639,You Learn,Alanis Morissette,8,1996
640,Body Movin',Beastie Boys,9,1998
641,Hello Hello,Talk Show,6,1997
642,Don't Go Away Mad (Just Go Away),Motley Crue,4,1990
643,Tell Me When Did Things Go So Wrong,The Smithereens,4,1991
644,Walking After You,Foo Fighters,11,1998
645,Last Night On Earth,U2,4,1997
646,Jimmy Olsen's Blues,Spin Doctors,6,1992
647,How Much Is Enough,The Fixx,3,1991
648,Hocus Pocus,Gary Hoey,4,1993
649,"Hey Man, Nice Shot",Filter,5,1995
650,Wild Hearted Son,The Cult,3,1991
651,Something's Always Wrong,Toad The Wet Sprocket,8,1994
652,Wide River,The Steve Miller Band,5,1993
653,Real World,Matchbox 20,10,1998
654,At The Stars,Better Than Ezra,8,1999
655,Travelling Riverside Blues,Led Zeppelin,3,1990
656,Over Now,Alice In Chains,8,1996
657,Am I Wrong,Love Spit Love,7,1994
658,Fire Escape,Fastball,10,1998
659,Sea Of Sorrow,Alice In Chains,7,1991
660,High,The Cure,8,1992
661,Breathe,The Prodigy,11,1997
662,We're In This Together,Nine Inch Nails,7,1999
663,Hanginaround,Counting Crows,8,1999
664,Bittersweet,Big Head Todd And The Monsters,6,1993
665,"No More, No Less",Collective Soul,9,1999
666,I've Got A Lot To Learn About Love,The Storm,4,1991
667,Aneurysm,Nirvana,5,1996
668,Tones Of Home,Blind Melon,10,1994
669,Perry Mason,Ozzy Osbourne,6,1995
670,(Can't You) Trip Like I Do,Filter And The Crystal Method,10,1997
671,Get Off This,Cracker,9,1994
672,A Girl Like You,Edwyn Collins,6,1995
673,Peaches,The Presidents Of The United States Of America,8,1996
674,What Do You Want From Me,Pink Floyd,6,1994
675,Jet City Woman,Queensryche,7,1991
676,Superman's Dead,Our Lady Peace,11,1997
677,Lullaby,Shawn Mullins,11,1998
678,Sweet Jane,Cowboy Junkies,7,1994
679,Tahitian Moon,Porno For Pyros,10,1996
680,Change,Candlebox,9,1993
681,Sail Away,Great White,8,1994
682,Head,Tin Star,8,1999
683,Zoot Suit Riot,Cherry Poppin' Daddies,10,1998
684,Fade Into You,Mazzy Star,6,1994
685,Jealous,Gene Loves Jezebel,7,1990
686,High Hopes,Sammy Hagar,6,1994
687,Love & Happiness,John Mellencamp,6,1991
688,Another Brick In The Wall (Part 2),Class Of '99,7,1999
689,Natural One,Folk Implosion,7,1995
690,Better Than You,Metallica,6,1998
691,I'm Tore Down,Eric Clapton,6,1994
692,Elderly Woman Behind The Counter In A Small Town,Pearl Jam,12,1994
693,The Rascal King,The Mighty Mighty Bosstones,12,1997
694,Cold Day In Hell,Gary Moore,6,1992
695,Creep,Radiohead,9,1993
696,Obvious Song,Joe Jackson,4,1991
697,We Hate It When Our Friends Become Successful,Morrissey,7,1992
698,Coming Down (Drug Tongue),The Cult,5,1994
699,You Wreck Me,Tom Petty,8,1995
700,The Day I Tried To Live,Soundgarden,8,1995
701,Epic,Faith No More,5,1990
702,Black Balloon,Goo Goo Dolls,8,1999
703,Zooropa,U2,7,1993
704,Days Of Light,Roger Daltrey,8,1992
705,Love Rears Its Ugly Head,Living Colour,6,1991
706,Lucky Man,The Verve,11,1998
707,Crush,Dave Matthews Band,12,1999
708,New,No Doubt,8,1999
709,Tonight,Def Leppard,7,1993
710,Man In The Box,Alice In Chains,7,1991
711,"The More You Ignore Me, The Closer I Get",Morrissey,9,1994
712,Hooch,Everything,9,1998
713,She's A River,Simple Minds,9,1995
714,Waiting For Tonight,Tom Petty And The Heartbreakers,9,1996
715,Zip-Lock,Lit,6,1999
716,The Great Beyond,R.E.M.,7,1999
717,Banditos,The Refreshments,6,1996
718,Inside Out,Traveling Wilburys,4,1991
719,You Let Your Heart Go Too Fast,Spin Doctors,7,1994
720,Fever,Aerosmith,6,1993
721,Save Tonight,Eagle-Eye Cherry,13,1998
722,Come Again,Damn Yankees,7,1990
723,99 Worlds,Peter Wolf,5,1990
724,Hello,Poe,9,1997
725,Hair Of The Dog,Guns N' Roses,7,1993
726,Einstein On The Beach (For An Eggman),Counting Crows,8,1994
727,Cherry Pie,Warrant,5,1990
728,Broken Hearted Savior,Big Head Todd And The Monsters,6,1993
729,Brimful Of Asha,Cornershop,12,1998
730,Beautiful,Joydrop,11,1999
731,Strange Currencies,R.E.M.,6,1995
732,Transistor,311,7,1997
733,Heaven In The Back Seat,Eddie Money,4,1991
734,Cold Contagious,Bush,10,1997
735,The Way It Is,Tesla,5,1990
736,Tumble In The Rough,Stone Temple Pilots,9,1997
737,What I Didn't Know,Athenaeum,10,1998
738,Pretty Penny,Stone Temple Pilots,8,1995
739,Sometimes Salvation,The Black Crowes,6,1993
740,Driven By You,Brian May,7,1993
741,Ain't It Fun,Guns N' Roses,5,1993
742,Anybody Listening?,Queensryche,8,1992
743,Hell,Squirrel Nut Zippers,8,1997
744,Under The Same Sun,Scorpions,8,1994
745,Daysleeper,R.E.M.,12,1998
746,Jack-Ass,Beck,10,1997
747,Miles Away,Winger,5,1990
748,High,Feeder,9,1998
749,Not Sleeping Around,Ned's Atomic Dustbin,8,1993
750,Bohemian Rhapsody,Queen,7,1992
751,Simple Lessons,Candlebox,8,1995
752,"Part Of Me, Part Of You",Glenn Frey,5,1991
753,Shame,Stabbing Westward,10,1996
754,Better Days,Bruce Springsteen,3,1992
755,Tripping Billies,Dave Matthews Band,12,1997
756,Please Come Home For Christmas,Jon Bon Jovi,4,1992
757,Dream All Day,The Posies,9,1993
758,Ain't It Heavy,Melissa Etheridge,7,1992
759,I Love You Period,Dan Baird,8,1992
760,Feel The Pain,Dinosaur Jr.,6,1994
761,Your Little Secret,Melissa Etheridge,8,1995
762,High Hopes,Pink Floyd,9,1994
763,Love Is On The Way,Saigon Kick,12,1992
764,"Hail, Hail",Pearl Jam,7,1996
765,These Are Days,"10,000 Maniacs",8,1992
766,Divine Thing,The Soup Dragons,7,1992
767,What The Hell Have I,Alice In Chains,9,1993
768,The New Pollution,Beck,11,1997
769,Ruby Soho,Rancid,10,1996
770,Far Gone And Out,The Jesus And Mary Chain,9,1992
771,Du Hast,Rammstein,14,1998
772,Always On The Run,Lenny Kravitz,6,1991
773,Angry Chair,Alice In Chains,8,1993
774,Walking In My Shoes,Depeche Mode,10,1993
775,Pull Me Under,Dream Theater,8,1993
776,Lake Of Fire,Nirvana,8,1995
777,Waydown,Catherine Wheel,8,1995
778,Wonderful,Adam Ant,6,1995
779,Purple Haze,The Cure,10,1994
780,Sister Of Pain,Vince Neil,8,1993
781,Up All Night,Slaughter,7,1990
782,Now More Than Ever,John Mellencamp,6,1992
783,Turn It Up Or Turn It Off,drivin-n-cryin,8,1993
784,Jane Says Live,Jane's Addiction,13,1998
785,The Devil You Know,Jesus Jones,9,1993
786,You Got Me Rocking,The Rolling Stones,7,1994
787,Falling In Love (Is Hard On The Knees),Aerosmith,13,1997
788,Somebody Knockin',Izzy Stradlin And The Ju Ju Hounds,7,1993
789,Call It Rock N' Roll,Great White,7,1991
790,Come To My Window,Melissa Etheridge,10,1994
791,In Hiding,Pearl Jam,19,1998
792,See You On The Other Side,Ozzy Osbourne,12,1996
793,Black On Black II,Heart,7,1993
794,Love Is Alive,Joe Cocker,8,1992
795,What's Good,Lou Reed,10,1992
796,Beautiful Girl,INXS,7,1993
797,Take Me For A Little While,Coverdale/Page,8,1993
798,Smooth,Santana Featuring Rob Thomas,10,1999
799,Give It Away,Red Hot Chili Peppers,6,1991
800,Stranger Stranger,Bad Company,6,1991
801,Prisoner,311,8,1997
802,Meet Virginia,Train,11,1999
803,Sensible Shoes,David Lee Roth,5,1991
804,Universal Heart-Beat,Juliana Hatfield,8,1995
805,Manic Depression,Seal And Jeff Beck,11,1994
806,Hero,The Verve Pipe,12,1999
807,Crazy,Aerosmith,8,1994
808,Then The Morning Comes,Smash Mouth,9,1999
809,Everything About You,Ugly Kid Joe,9,1992
810,Where Have All The Cowboys Gone?,Paula Cole,11,1997
811,Back On Earth,Ozzy Osbourne,12,1997
812,Time Bomb,Rancid,10,1995
813,All I Want,The Offspring,8,1997
814,Hook,Blues Traveler,8,1995
815,The Twelve Pains Of Christmas,Bob Rivers,5,1992
816,Block Rockin' Beats,The Chemical Brothers,12,1997
817,Lowdown And Dirty,Foreigner,6,1991
818,Barrel Of A Gun,Depeche Mode,9,1997
819,Super Bon Bon,Soul Coughing,9,1997
820,For The Movies,Buckcherry,11,1999
821,One Of Us,Joan Osborne,10,1995
822,Without You,Van Halen,16,1998
823,I'm Afraid Of Americans,David Bowie,12,1997
824,Still Got The Blues,Gary Moore,5,1990
825,Pure Massacre,Silverchair,11,1995
826,Soul Doctor,Foreigner,8,1992
827,Water's Edge,Seven Mary Three,11,1996
828,Carolina Blues,Blues Traveler,12,1997
829,Box Of Miracles,Barefoot Servants,10,1994
830,Waiting For The Sun,The Jayhawks,7,1993
831,Mockingbird Girl,The Magnificent Bastards,10,1995
832,Seether,Veruca Salt,13,1994
833,Shape I'm In,Arc Angels,9,1993
834,Courage (For Hugh MacLennan),The Tragically Hip,9,1993
835,So You Think You're In Love,Robyn Hitchcock & The Egyptians,7,1991
836,Stutter,Elastica,9,1995
837,Too Much,Dave Matthews Band,9,1996
838,Now You're Gone,Whitesnake,4,1990
839,Stitches,Orgy,13,1999
840,Christmas All Over Again,Tom Petty And The Heartbreakers,6,1992
841,High And Dry,Radiohead,10,1996
842,A Perfect Day Elise,PJ Harvey,16,1998
843,I Don't Like The Drugs (But The Drugs Like Me),Marilyn Manson,12,1999
844,Mach 5,The Presidents Of The United States Of America,10,1996
845,Pink,Aerosmith,15,1997
846,Mungo City,Spacehog,12,1998
847,Twist Of The Knife,The Fabulous Thunderbirds,6,1991
848,Dizz Knee Land,dada,8,1992
849,Humans Being,Van Halen,10,1996
850,Army,Ben Folds Five,12,1999
851,Would?,Alice In Chains,12,1996
852,Naked Eye,Luscious Jackson,11,1997
853,Every Time I Roll The Dice,Delbert McClinton,8,1992
854,Erase Rewind,The Cardigans,12,1999
855,Not For You,Pearl Jam,8,1995
856,So Much To Say,Dave Matthews Band,10,1996
857,Low Rider,Gary Hoey,9,1994
858,Been Caught Stealing,Jane's Addiction,11,1990
859,Mansion On The Hill,Neil Young,7,1990
860,Metropolis,The Church,5,1990
861,Fake Plastic Trees,Radiohead,7,1995
862,House Of Broken Love,Great White,7,1990
863,I Choose,The Offspring,13,1997
864,Here & Now,Letters To Cleo,9,1995
865,Wrong Number,The Cure,12,1997
866,War Of Man,Neil Young,9,1992
867,Smack My Bitch Up,The Prodigy,18,1998
868,Awful,Hole,13,1999
869,Blue On Black,Kenny Wayne Shepherd,20,1998
870,The Ballad Of Peter Pumpkinhead,XTC,11,1992
871,Sit Down You're Rocking The Boat,Don Henley,9,1993
872,Fast As You Can,Fiona Apple,12,1999
873,Tropicalia,Beck,13,1998
874,Thing Of Beauty,Hothouse Flowers,10,1993
875,Tomorrow,Morrissey,9,1992
876,I'm The Only One,Melissa Etheridge,8,1993
877,Excuse Me Mr.,No Doubt,13,1997
878,Let Forever Be,The Chemical Brothers,13,1999
879,Long Way Down,Goo Goo Dolls,13,1996
880,Mrs. Robinson,The Lemonheads,11,1993
881,Sympathy For The Devil,Guns N' Roses,5,1994
882,Heartspark Dollarsign,Everclear,12,1996
883,Wild Child,Heart,7,1990
884,Wild Night,John Mellencamp/Me'shell Ndegeocello,14,1994
885,Break It Down Again,Tears For Fears,12,1993
886,Take A Chance,Bob Seger & The Silver Bullet Band,9,1991
887,Alien Nation,Scorpions,10,1993
888,Just Go,Staind,12,1999
889,The Show Must Go On,Queen Featuring Elton John,10,1992
890,Mother,Danzig,15,1994
891,She Got Me (When She Got Her Dress On),Masters Of Reality,9,1993
892,Young Lust Live,Bryan Adams,7,1990
893,Wynona's Big Brown Beaver,Primus,10,1995
894,Tick Tock,Vaughan Brothers,7,1990
895,Test For Echo,Rush,13,1996
896,Hole In My Soul,Aerosmith,17,1997
897,Losin' Your Mind,Pride & Glory,11,1994
898,Down,Stone Temple Pilots,9,1999
899,Whiskey In The Jar,Metallica,12,1999
900,Saturday Night's Alright For Fighting,The Who,3,1991
901,Full Circle,The Jeff Healey Band,8,1990
902,Perfectly Good Guitar,John Hiatt,10,1993
903,Cover Me,Candlebox,11,1994
904,Free To Decide,The Cranberries,9,1996
905,Something To Talk About,Bonnie Raitt,6,1991
906,Walk Through Fire,Bad Company,5,1991
907,Sent By Angels,Arc Angels,9,1992
908,Smash It Up,The Offspring,9,1995
909,Mama's Fool,Tesla,9,1994
910,She's Mad,David Byrne,12,1992
911,Every Generation Has Its Own Disease,Fury In The Slaughterhouse,9,1994
912,Crazy Mary,Pearl Jam,9,1993
913,Keeping The Faith,Lynyrd Skynyrd 1991,7,1991
914,Knockin' On Heaven's Door,Guns N' Roses,6,1990
915,Baker Street,Foo Fighters,13,1998
916,Me Wise Magic,Van Halen,14,1996
917,My Sister,The Juliana Hatfield Three,11,1993
918,You Better Wait,Steve Perry,10,1994
919,"Yeah, Whatever",Splender,15,1999
920,Supersonic,Oasis,13,1994
921,Good Intentions,Toad The Wet Sprocket,8,1995
922,21st Century (Digital Boy),Bad Religion,9,1994
923,Cars,Fear Factory,14,1999
924,"Stay (Faraway, So Close!)",U2,12,1993
925,Ordinary World,Duran Duran,11,1993
926,Just A Girl,No Doubt,12,1996
927,Cryin',Joe Satriani,12,1993
928,Wax Ecstatic (To Sell Angelina),Sponge,10,1996
929,Don't Look Back In Anger,Oasis,9,1996
930,Stop The World,Extreme,10,1993
931,Tattva,Kula Shaker,10,1996
932,Satellite,Dave Matthews Band,11,1996
933,Rain King,Counting Crows,16,1994
934,I Believe,Robert Plant,8,1993
935,It's A Shame About Ray,Lemonheads,10,1992
936,The Rockafeller Skank,Fatboy Slim,11,1999
937,Little White Lie,Sammy Hagar,14,1997
938,I Need Your Love,Boston,12,1994
939,Building A Mystery,Sarah McLachlan,15,1997
940,Bravado,Rush,10,1992
941,Sex Type Thing,Stone Temple Pilots,11,1993
942,Sometimes It Hurts,Stabbing Westward,16,1998
943,Jump They Say,David Bowie,12,1993
944,Love Rollercoaster,Red Hot Chili Peppers,11,1996
945,Mint Car,The Cure,13,1996
946,Into Your Arms,The Lemonheads,12,1993
947,Real Real Gone,Van Morrison,7,1991
948,Get Over It,Eagles,9,1994
949,Thank U,Alanis Morissette,16,1998
950,Fields Of Gold,Sting,12,1993
951,Everybody Hurts,R.E.M.,12,1993
952,Kiss That Frog,Peter Gabriel,11,1993
953,All Around The World,Oasis,15,1998
954,Shakin' The Blues,The Screamin' Cheetah Wheelies,10,1993
955,All I Want,Saigon Kick,11,1993
956,Sugar Cane,Space Monkeys,14,1997
957,Rocket,The Smashing Pumpkins,14,1994
958,Human Behaviour,Bjork,11,1993
959,Every Little Thing,Jeff Lynne,7,1990
960,The Sweetest Drop,Peter Murphy,10,1992
961,Hooligan's Holiday,Motley Crue,11,1994
962,Ripple,The Church,13,1992
963,Big Time Sensuality,Bjork,13,1994
964,Three Marlenas,The Wallflowers,11,1997
965,One Hit Wonder,Everclear,14,1999
966,Walking Contradiction,Green Day,11,1996
967,Don't Believe Her,Scorpions,7,1991
968,Cannonball,The Breeders,12,1993
969,Blood Makes Noise,Suzanne Vega,12,1992
970,When Will It Rain,Jackyl,11,1993
971,Girls & Boys,Blur,13,1994
972,Allison Road,Gin Blossoms,13,1994
973,Sheep Go To Heaven,Cake,14,1999
974,Summertime,The Sundays,13,1997
975,Someday We'll Know,New Radicals,18,1999
976,Shining Star,INXS,3,1991
977,I Hate My Generation,Cracker,10,1996
978,Rockaway,Ric Ocasek,6,1991
979,The Innocent,drivin-n-cryin,7,1991
980,One Man Army,Our Lady Peace,15,1999
981,I Feel You,Depeche Mode,11,1993
982,Rattlesnake,Live,16,1997
983,Unglued,Stone Temple Pilots,11,1995
984,Kick Him When He's Down,The Offspring,9,1995
985,Deadweight,Beck,14,1997
986,Anybody Seen My Baby,The Rolling Stones,17,1997
987,Bad Luck,Social Distortion,11,1992
988,Put Your Lights On,Santana Featuring Everlast,13,1999
989,Only When I Lose Myself,Depeche Mode,17,1998
990,What About Now,Robbie Robertson,10,1991
991,Good Texan,Vaughan Brothers,5,1991
992,Make You A Believer,Sass Jordan,10,1992
993,She's My Machine,David Lee Roth,14,1994
994,"Church Of Logic, Sin & Love",The Men,12,1992
995,Faith,Limp Bizkit,18,1999
996,Big Goodbye,Great White,11,1992
997,Little Wing,Stevie Ray Vaughan And Double Trouble,11,1992
998,I Love It Loud Live,Kiss,10,1993
999,Is There Any Love In Your Heart,Lenny Kravitz,12,1993
1000,Mr. Tinkertrain,Ozzy Osbourne,11,1992
1001,Firestarter,The Prodigy,14,1997
